<annotation><filename>1.jpg</filename><folder>users/jugil//labels/p31_femoral01</folder><source><submittedBy>julian gil</submittedBy></source><imagesize><nrows>360</nrows><ncols>279</ncols></imagesize><object><name>1</name><deleted>0</deleted><verified>0</verified><occluded>no</occluded><attributes></attributes><parts><hasparts></hasparts><ispartof></ispartof></parts><date>25-Oct-2017 10:12:51</date><id>0</id><polygon><username>anonymous</username><pt><x>25</x><y>88</y></pt><pt><x>45</x><y>89</y></pt><pt><x>101</x><y>99</y></pt><pt><x>181</x><y>107</y></pt><pt><x>214</x><y>109</y></pt><pt><x>238</x><y>114</y></pt><pt><x>255</x><y>119</y></pt><pt><x>255</x><y>125</y></pt><pt><x>227</x><y>142</y></pt><pt><x>201</x><y>156</y></pt><pt><x>190</x><y>173</y></pt><pt><x>190</x><y>195</y></pt><pt><x>189</x><y>207</y></pt><pt><x>149</x><y>217</y></pt><pt><x>80</x><y>187</y></pt><pt><x>57</x><y>164</y></pt><pt><x>42</x><y>120</y></pt><pt><x>36</x><y>104</y></pt><pt><x>32</x><y>102</y></pt></polygon></object></annotation>