<annotation><filename>237.jpg</filename><folder>users/jugil//labels/p31_femoral01</folder><source><submittedBy>julian gil</submittedBy></source><imagesize><nrows>360</nrows><ncols>279</ncols></imagesize><object><name>1</name><deleted>0</deleted><verified>0</verified><occluded>no</occluded><attributes></attributes><parts><hasparts></hasparts><ispartof></ispartof></parts><date>25-Oct-2017 10:14:21</date><id>0</id><polygon><username>anonymous</username><pt><x>10</x><y>117</y></pt><pt><x>41</x><y>125</y></pt><pt><x>98</x><y>135</y></pt><pt><x>112</x><y>135</y></pt><pt><x>143</x><y>132</y></pt><pt><x>156</x><y>132</y></pt><pt><x>166</x><y>142</y></pt><pt><x>161</x><y>176</y></pt><pt><x>156</x><y>201</y></pt><pt><x>146</x><y>210</y></pt><pt><x>116</x><y>214</y></pt><pt><x>75</x><y>207</y></pt><pt><x>50</x><y>192</y></pt><pt><x>30</x><y>175</y></pt><pt><x>18</x><y>154</y></pt><pt><x>11</x><y>138</y></pt></polygon></object></annotation>