<annotation><filename>241.jpg</filename><folder>users/jugil//labels/p31_femoral01</folder><source><submittedBy>julian gil</submittedBy></source><imagesize><nrows>360</nrows><ncols>279</ncols></imagesize><object><name>1</name><deleted>0</deleted><verified>0</verified><occluded>no</occluded><attributes></attributes><parts><hasparts></hasparts><ispartof></ispartof></parts><date>25-Oct-2017 10:14:32</date><id>0</id><polygon><username>anonymous</username><pt><x>16</x><y>129</y></pt><pt><x>41</x><y>126</y></pt><pt><x>67</x><y>129</y></pt><pt><x>95</x><y>132</y></pt><pt><x>120</x><y>133</y></pt><pt><x>139</x><y>133</y></pt><pt><x>150</x><y>135</y></pt><pt><x>154</x><y>154</y></pt><pt><x>148</x><y>172</y></pt><pt><x>145</x><y>190</y></pt><pt><x>141</x><y>199</y></pt><pt><x>108</x><y>209</y></pt><pt><x>64</x><y>203</y></pt><pt><x>32</x><y>190</y></pt><pt><x>21</x><y>172</y></pt><pt><x>14</x><y>157</y></pt><pt><x>11</x><y>136</y></pt></polygon></object></annotation>