<annotation><filename>244.jpg</filename><folder>users/jugil//labels/p31_femoral01</folder><source><submittedBy>julian gil</submittedBy></source><imagesize><nrows>360</nrows><ncols>279</ncols></imagesize><object><name>1</name><deleted>0</deleted><verified>0</verified><occluded>no</occluded><attributes></attributes><parts><hasparts></hasparts><ispartof></ispartof></parts><date>25-Oct-2017 10:14:48</date><id>0</id><polygon><username>anonymous</username><pt><x>8</x><y>131</y></pt><pt><x>36</x><y>127</y></pt><pt><x>70</x><y>128</y></pt><pt><x>109</x><y>132</y></pt><pt><x>133</x><y>133</y></pt><pt><x>140</x><y>135</y></pt><pt><x>141</x><y>151</y></pt><pt><x>133</x><y>172</y></pt><pt><x>127</x><y>199</y></pt><pt><x>104</x><y>206</y></pt><pt><x>63</x><y>205</y></pt><pt><x>27</x><y>190</y></pt><pt><x>14</x><y>170</y></pt><pt><x>12</x><y>149</y></pt><pt><x>9</x><y>136</y></pt></polygon></object></annotation>