<annotation><filename>248.jpg</filename><folder>users/jugil//labels/p31_femoral01</folder><source><submittedBy>julian gil</submittedBy></source><imagesize><nrows>360</nrows><ncols>279</ncols></imagesize><object><name>1</name><deleted>0</deleted><verified>0</verified><occluded>no</occluded><attributes></attributes><parts><hasparts></hasparts><ispartof></ispartof></parts><date>25-Oct-2017 10:15:01</date><id>0</id><polygon><username>anonymous</username><pt><x>7</x><y>128</y></pt><pt><x>54</x><y>129</y></pt><pt><x>78</x><y>131</y></pt><pt><x>115</x><y>137</y></pt><pt><x>126</x><y>140</y></pt><pt><x>124</x><y>169</y></pt><pt><x>122</x><y>191</y></pt><pt><x>122</x><y>203</y></pt><pt><x>112</x><y>213</y></pt><pt><x>69</x><y>209</y></pt><pt><x>19</x><y>183</y></pt><pt><x>14</x><y>170</y></pt><pt><x>9</x><y>150</y></pt><pt><x>8</x><y>135</y></pt></polygon></object></annotation>