<annotation><filename>269.jpg</filename><folder>users/jugil//labels/p31_femoral01</folder><source><submittedBy>julian gil</submittedBy></source><imagesize><nrows>360</nrows><ncols>279</ncols></imagesize><object><name>1</name><deleted>0</deleted><verified>0</verified><occluded>no</occluded><attributes></attributes><parts><hasparts></hasparts><ispartof></ispartof></parts><date>25-Oct-2017 10:15:14</date><id>0</id><polygon><username>anonymous</username><pt><x>8</x><y>129</y></pt><pt><x>32</x><y>128</y></pt><pt><x>69</x><y>135</y></pt><pt><x>97</x><y>134</y></pt><pt><x>117</x><y>131</y></pt><pt><x>142</x><y>128</y></pt><pt><x>157</x><y>128</y></pt><pt><x>165</x><y>134</y></pt><pt><x>145</x><y>170</y></pt><pt><x>136</x><y>186</y></pt><pt><x>130</x><y>197</y></pt><pt><x>89</x><y>197</y></pt><pt><x>48</x><y>188</y></pt><pt><x>27</x><y>184</y></pt><pt><x>13</x><y>162</y></pt><pt><x>8</x><y>152</y></pt></polygon></object></annotation>