<annotation><filename>331.jpg</filename><folder>users/jugil//labels/p31_femoral01</folder><source><submittedBy>julian gil</submittedBy></source><imagesize><nrows>360</nrows><ncols>279</ncols></imagesize><object><name>1</name><deleted>0</deleted><verified>0</verified><occluded>no</occluded><attributes></attributes><parts><hasparts></hasparts><ispartof></ispartof></parts><date>25-Oct-2017 10:15:26</date><id>0</id><polygon><username>anonymous</username><pt><x>12</x><y>126</y></pt><pt><x>43</x><y>126</y></pt><pt><x>67</x><y>133</y></pt><pt><x>91</x><y>135</y></pt><pt><x>122</x><y>135</y></pt><pt><x>147</x><y>135</y></pt><pt><x>155</x><y>133</y></pt><pt><x>153</x><y>152</y></pt><pt><x>147</x><y>180</y></pt><pt><x>135</x><y>196</y></pt><pt><x>115</x><y>206</y></pt><pt><x>71</x><y>196</y></pt><pt><x>47</x><y>190</y></pt><pt><x>36</x><y>187</y></pt><pt><x>23</x><y>172</y></pt><pt><x>13</x><y>154</y></pt><pt><x>10</x><y>139</y></pt></polygon></object></annotation>