<annotation><filename>335.jpg</filename><folder>users/jugil//labels/p31_femoral01</folder><source><submittedBy>julian gil</submittedBy></source><imagesize><nrows>360</nrows><ncols>279</ncols></imagesize><object><name>1</name><deleted>0</deleted><verified>0</verified><occluded>no</occluded><attributes></attributes><parts><hasparts></hasparts><ispartof></ispartof></parts><date>25-Oct-2017 10:15:39</date><id>0</id><polygon><username>anonymous</username><pt><x>9</x><y>126</y></pt><pt><x>35</x><y>127</y></pt><pt><x>54</x><y>128</y></pt><pt><x>111</x><y>128</y></pt><pt><x>121</x><y>128</y></pt><pt><x>137</x><y>129</y></pt><pt><x>142</x><y>133</y></pt><pt><x>142</x><y>155</y></pt><pt><x>137</x><y>176</y></pt><pt><x>109</x><y>196</y></pt><pt><x>93</x><y>196</y></pt><pt><x>68</x><y>193</y></pt><pt><x>44</x><y>187</y></pt><pt><x>32</x><y>181</y></pt><pt><x>17</x><y>168</y></pt><pt><x>9</x><y>164</y></pt><pt><x>3</x><y>147</y></pt><pt><x>3</x><y>135</y></pt></polygon></object></annotation>