<annotation><filename>338.jpg</filename><folder>users/jugil//labels/p31_femoral01</folder><source><submittedBy>julian gil</submittedBy></source><imagesize><nrows>360</nrows><ncols>279</ncols></imagesize><object><name>1</name><deleted>0</deleted><verified>0</verified><occluded>no</occluded><attributes></attributes><parts><hasparts></hasparts><ispartof></ispartof></parts><date>25-Oct-2017 10:15:54</date><id>0</id><polygon><username>anonymous</username><pt><x>10</x><y>128</y></pt><pt><x>41</x><y>127</y></pt><pt><x>85</x><y>133</y></pt><pt><x>122</x><y>137</y></pt><pt><x>134</x><y>140</y></pt><pt><x>135</x><y>151</y></pt><pt><x>129</x><y>163</y></pt><pt><x>119</x><y>183</y></pt><pt><x>93</x><y>196</y></pt><pt><x>58</x><y>183</y></pt><pt><x>38</x><y>170</y></pt><pt><x>27</x><y>166</y></pt><pt><x>16</x><y>162</y></pt><pt><x>1</x><y>134</y></pt></polygon></object></annotation>