<annotation><filename>352.jpg</filename><folder>users/jugil//labels/p31_femoral01</folder><source><submittedBy>julian gil</submittedBy></source><imagesize><nrows>360</nrows><ncols>279</ncols></imagesize><object><name>1</name><deleted>0</deleted><verified>0</verified><occluded>no</occluded><attributes></attributes><parts><hasparts></hasparts><ispartof></ispartof></parts><date>25-Oct-2017 10:16:08</date><id>0</id><polygon><username>anonymous</username><pt><x>5</x><y>140</y></pt><pt><x>42</x><y>123</y></pt><pt><x>80</x><y>134</y></pt><pt><x>102</x><y>140</y></pt><pt><x>113</x><y>140</y></pt><pt><x>124</x><y>136</y></pt><pt><x>130</x><y>135</y></pt><pt><x>134</x><y>153</y></pt><pt><x>134</x><y>181</y></pt><pt><x>111</x><y>201</y></pt><pt><x>96</x><y>203</y></pt><pt><x>60</x><y>192</y></pt><pt><x>36</x><y>190</y></pt><pt><x>17</x><y>179</y></pt><pt><x>10</x><y>166</y></pt><pt><x>5</x><y>159</y></pt></polygon></object></annotation>