<annotation><filename>355.jpg</filename><folder>users/jugil//labels/p31_femoral01</folder><source><submittedBy>julian gil</submittedBy></source><imagesize><nrows>360</nrows><ncols>279</ncols></imagesize><object><name>1</name><deleted>0</deleted><verified>0</verified><occluded>no</occluded><attributes></attributes><parts><hasparts></hasparts><ispartof></ispartof></parts><date>25-Oct-2017 10:16:23</date><id>0</id><polygon><username>anonymous</username><pt><x>5</x><y>124</y></pt><pt><x>28</x><y>129</y></pt><pt><x>52</x><y>135</y></pt><pt><x>71</x><y>136</y></pt><pt><x>91</x><y>135</y></pt><pt><x>109</x><y>134</y></pt><pt><x>128</x><y>133</y></pt><pt><x>141</x><y>133</y></pt><pt><x>147</x><y>148</y></pt><pt><x>146</x><y>171</y></pt><pt><x>139</x><y>188</y></pt><pt><x>130</x><y>195</y></pt><pt><x>65</x><y>190</y></pt><pt><x>51</x><y>185</y></pt><pt><x>34</x><y>177</y></pt><pt><x>18</x><y>173</y></pt><pt><x>3</x><y>151</y></pt></polygon></object></annotation>