<annotation><filename>359.jpg</filename><folder>users/jugil//labels/p31_femoral01</folder><source><submittedBy>julian gil</submittedBy></source><imagesize><nrows>360</nrows><ncols>279</ncols></imagesize><object><name>1</name><deleted>0</deleted><verified>0</verified><occluded>no</occluded><attributes></attributes><parts><hasparts></hasparts><ispartof></ispartof></parts><date>25-Oct-2017 10:16:41</date><id>0</id><polygon><username>anonymous</username><pt><x>9</x><y>129</y></pt><pt><x>30</x><y>131</y></pt><pt><x>45</x><y>132</y></pt><pt><x>76</x><y>133</y></pt><pt><x>102</x><y>131</y></pt><pt><x>126</x><y>135</y></pt><pt><x>139</x><y>139</y></pt><pt><x>142</x><y>143</y></pt><pt><x>144</x><y>175</y></pt><pt><x>141</x><y>187</y></pt><pt><x>124</x><y>201</y></pt><pt><x>90</x><y>199</y></pt><pt><x>58</x><y>185</y></pt><pt><x>38</x><y>179</y></pt><pt><x>25</x><y>175</y></pt><pt><x>8</x><y>151</y></pt><pt><x>4</x><y>140</y></pt></polygon></object></annotation>