<annotation><filename>456.jpg</filename><folder>users/jugil//labels/p31_femoral01</folder><source><submittedBy>julian gil</submittedBy></source><imagesize><nrows>360</nrows><ncols>279</ncols></imagesize><object><name>1</name><deleted>0</deleted><verified>0</verified><occluded>no</occluded><attributes></attributes><parts><hasparts></hasparts><ispartof></ispartof></parts><date>25-Oct-2017 10:16:55</date><id>0</id><polygon><username>anonymous</username><pt><x>5</x><y>123</y></pt><pt><x>31</x><y>129</y></pt><pt><x>58</x><y>134</y></pt><pt><x>81</x><y>135</y></pt><pt><x>115</x><y>132</y></pt><pt><x>135</x><y>134</y></pt><pt><x>152</x><y>135</y></pt><pt><x>153</x><y>140</y></pt><pt><x>142</x><y>166</y></pt><pt><x>139</x><y>177</y></pt><pt><x>138</x><y>185</y></pt><pt><x>133</x><y>198</y></pt><pt><x>101</x><y>203</y></pt><pt><x>67</x><y>195</y></pt><pt><x>41</x><y>183</y></pt><pt><x>20</x><y>175</y></pt><pt><x>8</x><y>155</y></pt><pt><x>8</x><y>129</y></pt></polygon></object></annotation>