<annotation><filename>460.jpg</filename><folder>users/jugil//labels/p31_femoral01</folder><source><submittedBy>julian gil</submittedBy></source><imagesize><nrows>360</nrows><ncols>279</ncols></imagesize><object><name>1</name><deleted>0</deleted><verified>0</verified><occluded>no</occluded><attributes></attributes><parts><hasparts></hasparts><ispartof></ispartof></parts><date>25-Oct-2017 10:17:09</date><id>0</id><polygon><username>anonymous</username><pt><x>5</x><y>126</y></pt><pt><x>30</x><y>123</y></pt><pt><x>111</x><y>126</y></pt><pt><x>123</x><y>125</y></pt><pt><x>138</x><y>124</y></pt><pt><x>145</x><y>124</y></pt><pt><x>134</x><y>147</y></pt><pt><x>125</x><y>160</y></pt><pt><x>128</x><y>188</y></pt><pt><x>120</x><y>207</y></pt><pt><x>76</x><y>209</y></pt><pt><x>53</x><y>205</y></pt><pt><x>33</x><y>199</y></pt><pt><x>12</x><y>177</y></pt><pt><x>0</x><y>154</y></pt></polygon></object></annotation>