<annotation><filename>463.jpg</filename><folder>users/jugil//labels/p31_femoral01</folder><source><submittedBy>julian gil</submittedBy></source><imagesize><nrows>360</nrows><ncols>279</ncols></imagesize><object><name>1</name><deleted>0</deleted><verified>0</verified><occluded>no</occluded><attributes></attributes><parts><hasparts></hasparts><ispartof></ispartof></parts><date>25-Oct-2017 10:17:20</date><id>0</id><polygon><username>anonymous</username><pt><x>12</x><y>128</y></pt><pt><x>43</x><y>133</y></pt><pt><x>67</x><y>136</y></pt><pt><x>86</x><y>135</y></pt><pt><x>103</x><y>131</y></pt><pt><x>121</x><y>130</y></pt><pt><x>127</x><y>136</y></pt><pt><x>113</x><y>180</y></pt><pt><x>103</x><y>200</y></pt><pt><x>66</x><y>207</y></pt><pt><x>41</x><y>200</y></pt><pt><x>16</x><y>179</y></pt><pt><x>8</x><y>158</y></pt><pt><x>8</x><y>148</y></pt></polygon></object></annotation>