<annotation><filename>491.jpg</filename><folder>users/jugil//labels/p31_femoral01</folder><source><submittedBy>julian gil</submittedBy></source><imagesize><nrows>360</nrows><ncols>279</ncols></imagesize><object><name>1</name><deleted>0</deleted><verified>0</verified><occluded>no</occluded><attributes></attributes><parts><hasparts></hasparts><ispartof></ispartof></parts><date>25-Oct-2017 10:17:33</date><id>0</id><polygon><username>anonymous</username><pt><x>8</x><y>125</y></pt><pt><x>24</x><y>126</y></pt><pt><x>54</x><y>131</y></pt><pt><x>76</x><y>134</y></pt><pt><x>102</x><y>133</y></pt><pt><x>133</x><y>129</y></pt><pt><x>144</x><y>132</y></pt><pt><x>146</x><y>140</y></pt><pt><x>143</x><y>166</y></pt><pt><x>141</x><y>179</y></pt><pt><x>133</x><y>200</y></pt><pt><x>113</x><y>207</y></pt><pt><x>71</x><y>208</y></pt><pt><x>38</x><y>202</y></pt><pt><x>23</x><y>185</y></pt><pt><x>15</x><y>153</y></pt><pt><x>14</x><y>143</y></pt></polygon></object></annotation>