<annotation><filename>60.jpg</filename><folder>users/jugil//labels/p31_femoral01</folder><source><submittedBy>julian gil</submittedBy></source><imagesize><nrows>360</nrows><ncols>279</ncols></imagesize><object><name>1</name><deleted>0</deleted><verified>0</verified><occluded>no</occluded><attributes></attributes><parts><hasparts></hasparts><ispartof></ispartof></parts><date>25-Oct-2017 10:13:05</date><id>0</id><polygon><username>anonymous</username><pt><x>10</x><y>93</y></pt><pt><x>48</x><y>93</y></pt><pt><x>99</x><y>109</y></pt><pt><x>124</x><y>117</y></pt><pt><x>177</x><y>126</y></pt><pt><x>186</x><y>149</y></pt><pt><x>192</x><y>181</y></pt><pt><x>180</x><y>194</y></pt><pt><x>150</x><y>195</y></pt><pt><x>115</x><y>192</y></pt><pt><x>81</x><y>183</y></pt><pt><x>54</x><y>174</y></pt><pt><x>36</x><y>165</y></pt><pt><x>20</x><y>149</y></pt><pt><x>12</x><y>134</y></pt><pt><x>8</x><y>117</y></pt><pt><x>8</x><y>104</y></pt></polygon></object></annotation>