<annotation><filename>64.jpg</filename><folder>users/jugil//labels/p31_femoral01</folder><source><submittedBy>julian gil</submittedBy></source><imagesize><nrows>360</nrows><ncols>279</ncols></imagesize><object><name>1</name><deleted>0</deleted><verified>0</verified><occluded>no</occluded><attributes></attributes><parts><hasparts></hasparts><ispartof></ispartof></parts><date>25-Oct-2017 10:13:18</date><id>0</id><polygon><username>anonymous</username><pt><x>16</x><y>97</y></pt><pt><x>41</x><y>98</y></pt><pt><x>71</x><y>109</y></pt><pt><x>102</x><y>117</y></pt><pt><x>138</x><y>122</y></pt><pt><x>156</x><y>125</y></pt><pt><x>164</x><y>132</y></pt><pt><x>171</x><y>170</y></pt><pt><x>169</x><y>186</y></pt><pt><x>153</x><y>197</y></pt><pt><x>128</x><y>196</y></pt><pt><x>95</x><y>193</y></pt><pt><x>72</x><y>191</y></pt><pt><x>39</x><y>178</y></pt><pt><x>25</x><y>161</y></pt><pt><x>16</x><y>135</y></pt><pt><x>12</x><y>117</y></pt><pt><x>10</x><y>98</y></pt></polygon></object></annotation>