<annotation><filename>67.jpg</filename><folder>users/jugil//labels/p31_femoral01</folder><source><submittedBy>julian gil</submittedBy></source><imagesize><nrows>360</nrows><ncols>279</ncols></imagesize><object><name>1</name><deleted>0</deleted><verified>0</verified><occluded>no</occluded><attributes></attributes><parts><hasparts></hasparts><ispartof></ispartof></parts><date>25-Oct-2017 10:13:34</date><id>0</id><polygon><username>anonymous</username><pt><x>8</x><y>104</y></pt><pt><x>19</x><y>110</y></pt><pt><x>58</x><y>129</y></pt><pt><x>85</x><y>132</y></pt><pt><x>114</x><y>132</y></pt><pt><x>135</x><y>133</y></pt><pt><x>153</x><y>137</y></pt><pt><x>164</x><y>150</y></pt><pt><x>157</x><y>187</y></pt><pt><x>129</x><y>194</y></pt><pt><x>95</x><y>187</y></pt><pt><x>67</x><y>183</y></pt><pt><x>33</x><y>172</y></pt><pt><x>18</x><y>168</y></pt><pt><x>10</x><y>143</y></pt><pt><x>10</x><y>114</y></pt></polygon></object></annotation>