<annotation><filename>70.jpg</filename><folder>users/jugil//labels/p31_femoral01</folder><source><submittedBy>julian gil</submittedBy></source><imagesize><nrows>360</nrows><ncols>279</ncols></imagesize><object><name>1</name><deleted>0</deleted><verified>0</verified><occluded>no</occluded><attributes></attributes><parts><hasparts></hasparts><ispartof></ispartof></parts><date>25-Oct-2017 10:13:46</date><id>0</id><polygon><username>anonymous</username><pt><x>16</x><y>118</y></pt><pt><x>36</x><y>118</y></pt><pt><x>72</x><y>126</y></pt><pt><x>94</x><y>131</y></pt><pt><x>112</x><y>135</y></pt><pt><x>136</x><y>140</y></pt><pt><x>153</x><y>148</y></pt><pt><x>153</x><y>166</y></pt><pt><x>146</x><y>191</y></pt><pt><x>131</x><y>200</y></pt><pt><x>99</x><y>205</y></pt><pt><x>63</x><y>201</y></pt><pt><x>41</x><y>195</y></pt><pt><x>27</x><y>184</y></pt><pt><x>9</x><y>151</y></pt><pt><x>6</x><y>137</y></pt><pt><x>9</x><y>122</y></pt></polygon></object></annotation>