<annotation><filename>74.jpg</filename><folder>users/jugil//labels/p31_femoral01</folder><source><submittedBy>julian gil</submittedBy></source><imagesize><nrows>360</nrows><ncols>279</ncols></imagesize><object><name>1</name><deleted>0</deleted><verified>0</verified><occluded>no</occluded><attributes></attributes><parts><hasparts></hasparts><ispartof></ispartof></parts><date>25-Oct-2017 10:13:58</date><id>0</id><polygon><username>anonymous</username><pt><x>9</x><y>117</y></pt><pt><x>32</x><y>122</y></pt><pt><x>63</x><y>129</y></pt><pt><x>89</x><y>131</y></pt><pt><x>117</x><y>132</y></pt><pt><x>139</x><y>138</y></pt><pt><x>147</x><y>142</y></pt><pt><x>144</x><y>180</y></pt><pt><x>138</x><y>197</y></pt><pt><x>95</x><y>209</y></pt><pt><x>65</x><y>207</y></pt><pt><x>36</x><y>190</y></pt><pt><x>23</x><y>173</y></pt><pt><x>13</x><y>148</y></pt><pt><x>8</x><y>128</y></pt></polygon></object></annotation>