<annotation><filename>77.jpg</filename><folder>users/jugil//labels/p31_femoral01</folder><source><submittedBy>julian gil</submittedBy></source><imagesize><nrows>360</nrows><ncols>279</ncols></imagesize><object><name>1</name><deleted>0</deleted><verified>0</verified><occluded>no</occluded><attributes></attributes><parts><hasparts></hasparts><ispartof></ispartof></parts><date>25-Oct-2017 10:14:09</date><id>0</id><polygon><username>anonymous</username><pt><x>15</x><y>123</y></pt><pt><x>39</x><y>128</y></pt><pt><x>60</x><y>131</y></pt><pt><x>83</x><y>131</y></pt><pt><x>115</x><y>129</y></pt><pt><x>135</x><y>133</y></pt><pt><x>142</x><y>145</y></pt><pt><x>142</x><y>171</y></pt><pt><x>137</x><y>195</y></pt><pt><x>113</x><y>200</y></pt><pt><x>76</x><y>199</y></pt><pt><x>54</x><y>197</y></pt><pt><x>39</x><y>191</y></pt><pt><x>23</x><y>173</y></pt><pt><x>13</x><y>158</y></pt><pt><x>12</x><y>144</y></pt><pt><x>11</x><y>137</y></pt></polygon></object></annotation>